against_bug,against_dark,against_dragon,against_electric,against_fairy,against_fight,against_fire,against_flying,against_ghost,against_grass,against_ground,against_ice,against_normal,against_poison,against_psychic,against_rock,against_steel,against_water,attack,base_total,capture_rate,defense,height_m,hp,name,pokedex_number,sp_attack,sp_defense,speed,type1,type2,weight_kg,is_legendary
1,1,1,0.5,0.5,0.5,2,2,1,0.25,1,2,1,1,2,1,1,0.5,49,318,45,49,0.7,45,Bulbasaur,1,65,65,45,grass,poison,6.9,0
1,1,1,0.5,0.5,0.5,2,2,1,0.25,1,2,1,1,2,1,1,0.5,62,405,45,63,1,60,Ivysaur,2,80,80,60,grass,poison,13,0
1,1,1,0.5,0.5,0.5,2,2,1,0.25,1,2,1,1,2,1,1,0.5,100,625,45,123,2,80,Venusaur,3,122,120,80,grass,poison,100,0
0.5,1,1,1,0.5,1,0.5,1,1,0.5,2,0.5,1,1,1,2,0.5,2,52,309,45,43,0.6,39,Charmander,4,60,50,65,fire,,8.5,0
0.5,1,1,1,0.5,1,0.5,1,1,0.5,2,0.5,1,1,1,2,0.5,2,64,405,45,58,1.1,58,Charmeleon,5,80,65,80,fire,,19,0
0.25,1,1,2,0.5,0.5,0.5,1,1,0.25,0,1,1,1,1,4,0.5,2,104,634,45,78,1.7,78,Charizard,6,159,115,100,fire,flying,90.5,0
1,1,1,2,1,1,0.5,1,1,2,1,0.5,1,1,1,1,0.5,0.5,48,314,45,65,0.5,44,Squirtle,7,50,64,43,water,,9,0
1,1,1,2,1,1,0.5,1,1,2,1,0.5,1,1,1,1,0.5,0.5,63,405,45,80,1,59,Wartortle,8,65,80,58,water,,22.5,0
1,1,1,2,1,1,0.5,1,1,2,1,0.5,1,1,1,1,0.5,0.5,103,630,45,120,1.6,79,Blastoise,9,135,115,78,water,,85.5,0
1,1,1,1,1,0.5,2,2,1,0.5,0.5,1,1,1,1,2,1,1,30,195,255,35,0.3,45,Caterpie,10,20,20,45,bug,,2.9,0
1,1,1,1,1,0.5,2,2,1,0.5,0.5,1,1,1,1,2,1,1,20,205,120,55,0.7,50,Metapod,11,25,25,30,bug,,9.9,0
0.5,1,1,2,1,0.25,2,2,1,0.25,0,2,1,1,1,4,1,1,45,395,45,50,1.1,60,Butterfree,12,90,80,70,bug,flying,32,0
0.5,1,1,1,0.5,0.25,2,2,1,0.25,1,1,1,0.5,2,2,1,1,35,195,255,30,0.3,40,Weedle,13,20,20,50,bug,poison,3.2,0
0.5,1,1,1,0.5,0.25,2,2,1,0.25,1,1,1,0.5,2,2,1,1,25,205,120,50,0.6,45,Kakuna,14,25,25,35,bug,poison,10,0
0.5,1,1,1,0.5,0.25,2,2,1,0.25,1,1,1,0.5,2,2,1,1,150,495,45,40,1,65,Beedrill,15,15,80,145,bug,poison,29.5,0
0.5,1,1,2,1,1,1,1,0,0.5,0,2,1,1,1,2,1,1,45,251,255,40,0.3,40,Pidgey,16,35,35,56,normal,flying,1.8,0
0.5,1,1,2,1,1,1,1,0,0.5,0,2,1,1,1,2,1,1,60,349,120,55,1.1,63,Pidgeotto,17,50,50,71,normal,flying,30,0
0.5,1,1,2,1,1,1,1,0,0.5,0,2,1,1,1,2,1,1,80,579,45,80,1.5,83,Pidgeot,18,135,80,121,normal,flying,39.5,0
1,1,1,1,1,2,1,1,0,1,1,1,1,1,1,1,1,1,56,253,255,35,0.3,30,Rattata,19,25,35,72,normal,,3.5,0
1,1,1,1,1,2,1,1,0,1,1,1,1,1,1,1,1,1,71,413,127,70,0.7,75,Raticate,20,40,80,77,normal,,18.5,0
0.5,1,1,2,1,1,1,1,0,0.5,0,2,1,1,1,2,1,1,60,262,255,30,0.3,40,Spearow,21,31,31,70,normal,flying,2,0
0.5,1,1,2,1,1,1,1,0,0.5,0,2,1,1,1,2,1,1,90,442,90,65,1.2,65,Fearow,22,61,61,100,normal,flying,38,0
0.5,1,1,1,0.5,0.5,1,1,1,0.5,2,1,1,0.5,2,1,1,1,60,288,255,44,2,35,Ekans,23,40,54,55,poison,,6.9,0
0.5,1,1,1,0.5,0.5,1,1,1,0.5,2,1,1,0.5,2,1,1,1,95,448,90,69,3.5,60,Arbok,24,65,79,80,poison,,65,0
1,1,1,0.5,1,1,1,0.5,1,1,2,1,1,1,1,1,0.5,1,55,320,190,40,0.4,35,Pikachu,25,50,50,90,electric,,6,0
1,1,1,0.5,1,1,1,0.5,1,1,2,1,1,1,1,1,0.5,1,85,485,75,50,0.8,60,Raichu,26,95,85,110,electric,,30,0
1,1,1,0,1,1,1,1,1,2,1,2,1,0.5,1,0.5,1,2,75,300,255,90,0.6,50,Sandshrew,27,10,35,40,ground,,12,0
1,1,1,0,1,1,1,1,1,2,1,2,1,0.5,1,0.5,1,2,100,450,90,120,1,75,Sandslash,28,25,65,65,ground,,29.5,0
0.5,1,1,1,0.5,0.5,1,1,1,0.5,2,1,1,0.5,2,1,1,1,47,275,235,52,0.4,55,Nidoran,29,40,40,41,poison,,7,0
0.5,1,1,1,0.5,0.5,1,1,1,0.5,2,1,1,0.5,2,1,1,1,62,365,120,67,0.8,70,Nidorina,30,55,55,56,poison,,20,0
0.5,1,1,0,0.5,0.5,1,1,1,1,2,2,1,0.25,2,0.5,1,2,92,505,45,87,1.3,90,Nidoqueen,31,75,85,76,poison,ground,60,0
0.5,1,1,1,0.5,0.5,1,1,1,0.5,2,1,1,0.5,2,1,1,1,57,273,235,40,0.5,46,Nidoran,32,40,40,50,poison,,9,0
0.5,1,1,1,0.5,0.5,1,1,1,0.5,2,1,1,0.5,2,1,1,1,72,365,120,57,0.9,61,Nidorino,33,55,55,65,poison,,19.5,0
0.5,1,1,0,0.5,0.5,1,1,1,1,2,2,1,0.25,2,0.5,1,2,102,505,45,77,1.4,81,Nidoking,34,85,75,85,poison,ground,62,0
0.5,0.5,0,1,1,0.5,1,1,1,1,1,1,1,2,1,1,2,1,45,323,150,48,0.6,70,Clefairy,35,60,65,35,fairy,,7.5,0
0.5,0.5,0,1,1,0.5,1,1,1,1,1,1,1,2,1,1,2,1,70,483,25,73,1.3,95,Clefable,36,95,90,60,fairy,,40,0
0.5,1,1,1,0.5,1,0.5,1,1,0.5,2,0.5,1,1,1,2,0.5,2,41,299,190,40,0.6,38,Vulpix,37,50,65,65,fire,,9.9,0
0.5,1,1,1,0.5,1,0.5,1,1,0.5,2,0.5,1,1,1,2,0.5,2,67,505,75,75,0.6,73,Ninetales,38,81,100,109,fire,,19.9,0
0.5,0.5,0,1,1,1,1,1,0,1,1,1,1,2,1,1,2,1,45,270,170,20,0.5,115,Jigglypuff,39,45,25,20,normal,fairy,5.5,0
0.5,0.5,0,1,1,1,1,1,0,1,1,1,1,2,1,1,2,1,70,435,50,45,1,140,Wigglytuff,40,85,50,45,normal,fairy,12,0
0.25,1,1,2,0.5,0.25,1,1,1,0.25,0,2,1,0.5,2,2,1,1,45,245,255,35,0.8,40,Zubat,41,30,40,55,poison,flying,7.5,0
0.25,1,1,2,0.5,0.25,1,1,1,0.25,0,2,1,0.5,2,2,1,1,80,455,90,70,1.6,75,Golbat,42,65,75,90,poison,flying,55,0
1,1,1,0.5,0.5,0.5,2,2,1,0.25,1,2,1,1,2,1,1,0.5,50,320,255,55,0.5,45,Oddish,43,75,65,30,grass,poison,5.4,0
1,1,1,0.5,0.5,0.5,2,2,1,0.25,1,2,1,1,2,1,1,0.5,65,395,120,70,0.8,60,Gloom,44,85,75,40,grass,poison,8.6,0
1,1,1,0.5,0.5,0.5,2,2,1,0.25,1,2,1,1,2,1,1,0.5,80,490,45,85,1.2,75,Vileplume,45,110,90,50,grass,poison,18.6,0
2,1,1,0.5,1,0.5,4,4,1,0.25,0.25,2,1,2,1,2,1,0.5,70,285,190,55,0.3,35,Paras,46,45,55,25,bug,grass,5.4,0
2,1,1,0.5,1,0.5,4,4,1,0.25,0.25,2,1,2,1,2,1,0.5,95,405,75,80,1,60,Parasect,47,60,80,30,bug,grass,29.5,0
0.5,1,1,1,0.5,0.25,2,2,1,0.25,1,1,1,0.5,2,2,1,1,55,305,190,50,1,60,Venonat,48,40,55,45,bug,poison,30,0
0.5,1,1,1,0.5,0.25,2,2,1,0.25,1,1,1,0.5,2,2,1,1,65,450,75,60,1.5,70,Venomoth,49,90,75,90,bug,poison,12.5,0
1,1,1,0,1,1,1,1,1,2,1,2,1,0.5,1,0.5,1,2,55,265,255,30,0.2,10,Diglett,50,35,45,90,ground,ground,0.8,0
1,1,1,0,1,1,1,1,1,2,1,2,1,0.5,1,0.5,1,2,100,425,50,60,0.7,35,Dugtrio,51,50,70,110,ground,ground,33.3,0
1,1,1,1,1,2,1,1,0,1,1,1,1,1,1,1,1,1,35,290,255,35,0.4,40,Meowth,52,50,40,90,normal,,4.2,0
1,1,1,1,1,2,1,1,0,1,1,1,1,1,1,1,1,1,60,440,90,60,1,65,Persian,53,75,65,115,normal,,32,0
1,1,1,2,1,1,0.5,1,1,2,1,0.5,1,1,1,1,0.5,0.5,52,320,190,48,0.8,50,Psyduck,54,65,50,55,water,,19.6,0
1,1,1,2,1,1,0.5,1,1,2,1,0.5,1,1,1,1,0.5,0.5,82,500,75,78,1.7,80,Golduck,55,95,80,85,water,,76.6,0
0.5,0.5,1,1,2,1,1,2,1,1,1,1,1,1,2,0.5,1,1,80,305,190,35,0.5,40,Mankey,56,35,45,70,fighting,,28,0
0.5,0.5,1,1,2,1,1,2,1,1,1,1,1,1,2,0.5,1,1,105,455,75,60,1,65,Primeape,57,60,70,95,fighting,,32,0
0.5,1,1,1,0.5,1,0.5,1,1,0.5,2,0.5,1,1,1,2,0.5,2,70,350,190,45,0.7,55,Growlithe,58,70,50,60,fire,,19,0
0.5,1,1,1,0.5,1,0.5,1,1,0.5,2,0.5,1,1,1,2,0.5,2,110,555,75,80,1.9,90,Arcanine,59,100,80,95,fire,,155,0
1,1,1,2,1,1,0.5,1,1,2,1,0.5,1,1,1,1,0.5,0.5,50,300,255,40,0.6,40,Poliwag,60,40,40,90,water,,12.4,0
1,1,1,2,1,1,0.5,1,1,2,1,0.5,1,1,1,1,0.5,0.5,65,385,120,65,1,65,Poliwhirl,61,50,50,90,water,,20,0
0.5,0.5,1,2,2,1,0.5,2,1,2,1,0.5,1,1,2,0.5,0.5,0.5,95,510,45,95,1.3,90,Poliwrath,62,70,90,70,water,fighting,54,0
2,2,1,1,1,0.5,1,1,2,1,1,1,1,1,0.5,1,1,1,20,310,200,15,0.9,25,Abra,63,105,55,90,psychic,,19.5,0
2,2,1,1,1,0.5,1,1,2,1,1,1,1,1,0.5,1,1,1,35,400,100,30,1.3,40,Kadabra,64,120,70,105,psychic,,56.5,0
2,2,1,1,1,0.5,1,1,2,1,1,1,1,1,0.5,1,1,1,50,600,50,65,1.5,55,Alakazam,65,175,105,150,psychic,,48,0
0.5,0.5,1,1,2,1,1,2,1,1,1,1,1,1,2,0.5,1,1,80,305,180,50,0.8,70,Machop,66,35,35,35,fighting,,19.5,0
0.5,0.5,1,1,2,1,1,2,1,1,1,1,1,1,2,0.5,1,1,100,405,90,70,1.5,80,Machoke,67,50,60,45,fighting,,70.5,0
0.5,0.5,1,1,2,1,1,2,1,1,1,1,1,1,2,0.5,1,1,130,505,45,80,1.6,90,Machamp,68,65,85,55,fighting,,130,0
1,1,1,0.5,0.5,0.5,2,2,1,0.25,1,2,1,1,2,1,1,0.5,75,300,255,35,0.7,50,Bellsprout,69,70,30,40,grass,poison,4,0
1,1,1,0.5,0.5,0.5,2,2,1,0.25,1,2,1,1,2,1,1,0.5,90,390,120,50,1,65,Weepinbell,70,85,45,55,grass,poison,6.4,0
1,1,1,0.5,0.5,0.5,2,2,1,0.25,1,2,1,1,2,1,1,0.5,105,490,45,65,1.7,80,Victreebel,71,100,70,70,grass,poison,15.5,0
0.5,1,1,2,0.5,0.5,0.5,1,1,1,2,0.5,1,0.5,2,1,0.5,0.5,40,335,190,35,0.9,40,Tentacool,72,50,100,70,water,poison,45.5,0
0.5,1,1,2,0.5,0.5,0.5,1,1,1,2,0.5,1,0.5,2,1,0.5,0.5,70,515,60,65,1.6,80,Tentacruel,73,80,120,100,water,poison,55,0
1,1,1,0,1,2,0.5,0.5,1,4,2,2,0.5,0.25,1,0.5,2,4,80,300,255,100,0.4,40,Geodude,74,30,30,20,rock,ground,20,0
1,1,1,0,1,2,0.5,0.5,1,4,2,2,0.5,0.25,1,0.5,2,4,95,390,120,115,1,55,Graveler,75,45,45,35,rock,ground,105,0
1,1,1,0,1,2,0.5,0.5,1,4,2,2,0.5,0.25,1,0.5,2,4,120,495,45,130,1.4,80,Golem,76,55,65,45,rock,ground,300,0
0.5,1,1,1,0.5,1,0.5,1,1,0.5,2,0.5,1,1,1,2,0.5,2,85,410,190,55,1,50,Ponyta,77,65,65,90,fire,,30,0
0.5,1,1,1,0.5,1,0.5,1,1,0.5,2,0.5,1,1,1,2,0.5,2,100,500,60,70,1.7,65,Rapidash,78,80,80,105,fire,,95,0
2,2,1,2,1,0.5,0.5,1,2,2,1,0.5,1,1,0.5,1,0.5,0.5,65,315,190,65,1.2,90,Slowpoke,79,40,40,15,water,psychic,36,0
2,2,1,2,1,0.5,0.5,1,2,2,1,0.5,1,1,0.5,1,0.5,0.5,75,590,75,180,1.6,95,Slowbro,80,130,80,30,water,psychic,78.5,0
0.5,1,0.5,0.5,0.5,2,2,0.25,1,0.5,4,0.5,0.5,0,0.5,0.5,0.25,1,35,325,190,70,0.3,25,Magnemite,81,95,55,45,electric,steel,6,0
0.5,1,0.5,0.5,0.5,2,2,0.25,1,0.5,4,0.5,0.5,0,0.5,0.5,0.25,1,60,465,60,95,1,50,Magneton,82,120,70,70,electric,steel,60,0
0.5,1,1,2,1,1,1,1,0,0.5,0,2,1,1,1,2,1,1,90,377,45,55,0.8,52,Farfetch'd,83,58,62,60,normal,flying,15,0
0.5,1,1,2,1,1,1,1,0,0.5,0,2,1,1,1,2,1,1,85,310,190,45,1.4,35,Doduo,84,35,35,75,normal,flying,39.2,0
0.5,1,1,2,1,1,1,1,0,0.5,0,2,1,1,1,2,1,1,110,470,45,70,1.8,60,Dodrio,85,60,60,110,normal,flying,85.2,0
1,1,1,2,1,1,0.5,1,1,2,1,0.5,1,1,1,1,0.5,0.5,45,325,190,55,1.1,65,Seel,86,45,70,45,water,,90,0
1,1,1,2,1,2,1,1,1,2,1,0.25,1,1,1,2,1,0.5,70,475,75,80,1.7,90,Dewgong,87,70,95,70,water,ice,120,0
0.5,1,1,1,0.5,0.5,1,1,1,0.5,2,1,1,0.5,2,1,1,1,80,325,190,50,0.9,80,Grimer,88,40,50,25,poison,,30,0
0.5,1,1,1,0.5,0.5,1,1,1,0.5,2,1,1,0.5,2,1,1,1,105,500,75,75,1.2,105,Muk,89,65,100,50,poison,,30,0
1,1,1,2,1,1,0.5,1,1,2,1,0.5,1,1,1,1,0.5,0.5,65,305,190,100,0.3,30,Shellder,90,45,25,40,water,,4,0
1,1,1,2,1,2,1,1,1,2,1,0.25,1,1,1,2,1,0.5,95,525,60,180,1.5,50,Cloyster,91,85,45,70,water,ice,132.5,0
0.25,2,1,1,0.5,0,1,1,2,0.5,2,1,0,0.25,2,1,1,1,35,310,190,30,1.3,30,Gastly,92,100,35,80,ghost,poison,0.1,0
0.25,2,1,1,0.5,0,1,1,2,0.5,2,1,0,0.25,2,1,1,1,50,405,90,45,1.6,45,Haunter,93,115,55,95,ghost,poison,0.1,0
0.25,2,1,1,0.5,0,1,1,2,0.5,2,1,0,0.25,2,1,1,1,65,600,45,80,1.5,60,Gengar,94,170,95,130,ghost,poison,40.5,0
1,1,1,0,1,2,0.5,0.5,1,4,2,2,0.5,0.25,1,0.5,2,4,45,385,45,160,8.8,35,Onix,95,30,45,70,rock,ground,210,0
2,2,1,1,1,0.5,1,1,2,1,1,1,1,1,0.5,1,1,1,48,328,190,45,1,60,Drowzee,96,43,90,42,psychic,,32.4,0
2,2,1,1,1,0.5,1,1,2,1,1,1,1,1,0.5,1,1,1,73,483,75,70,1.6,85,Hypno,97,73,115,67,psychic,,75.6,0
1,1,1,2,1,1,0.5,1,1,2,1,0.5,1,1,1,1,0.5,0.5,105,325,225,90,0.4,30,Krabby,98,25,25,50,water,,6.5,0
1,1,1,2,1,1,0.5,1,1,2,1,0.5,1,1,1,1,0.5,0.5,130,475,60,115,1.3,55,Kingler,99,50,50,75,water,,60,0
1,1,1,0.5,1,1,1,0.5,1,1,2,1,1,1,1,1,0.5,1,30,330,190,50,0.5,40,Voltorb,100,55,55,100,electric,,10.4,0
1,1,1,0.5,1,1,1,0.5,1,1,2,1,1,1,1,1,0.5,1,50,490,60,70,1.2,60,Electrode,101,80,80,150,electric,,66.6,0
4,2,1,0.5,1,0.5,2,2,2,0.5,0.5,2,1,2,0.5,1,1,0.5,40,325,90,80,0.4,60,Exeggcute,102,60,45,40,grass,psychic,2.5,0
4,2,1,0.5,1,0.5,2,2,2,0.5,0.5,2,1,2,0.5,1,1,0.5,105,530,45,85,2,95,Exeggutor,103,125,75,45,grass,psychic,120,0
1,1,1,0,1,1,1,1,1,2,1,2,1,0.5,1,0.5,1,2,50,320,190,95,0.4,50,Cubone,104,40,50,35,ground,,6.5,0
1,1,1,0,1,1,1,1,1,2,1,2,1,0.5,1,0.5,1,2,80,425,75,110,1,60,Marowak,105,50,80,45,ground,fire,45,0
0.5,0.5,1,1,2,1,1,2,1,1,1,1,1,1,2,0.5,1,1,120,455,45,53,1.5,50,Hitmonlee,106,35,110,87,fighting,,49.8,0
0.5,0.5,1,1,2,1,1,2,1,1,1,1,1,1,2,0.5,1,1,105,455,45,79,1.4,50,Hitmonchan,107,35,110,76,fighting,,50.2,0
1,1,1,1,1,2,1,1,0,1,1,1,1,1,1,1,1,1,55,385,45,75,1.2,90,Lickitung,108,60,75,30,normal,,65.5,0
0.5,1,1,1,0.5,0.5,1,1,1,0.5,2,1,1,0.5,2,1,1,1,65,340,190,95,0.6,40,Koffing,109,60,45,35,poison,,1,0
0.5,1,1,1,0.5,0.5,1,1,1,0.5,2,1,1,0.5,2,1,1,1,90,490,60,120,1.2,65,Weezing,110,85,70,60,poison,,9.5,0
1,1,1,0,1,2,0.5,0.5,1,4,2,2,0.5,0.25,1,0.5,2,4,85,345,120,95,1,80,Rhyhorn,111,30,30,25,ground,rock,115,0
1,1,1,0,1,2,0.5,0.5,1,4,2,2,0.5,0.25,1,0.5,2,4,130,485,60,120,1.9,105,Rhydon,112,45,45,40,ground,rock,120,0
1,1,1,1,1,2,1,1,0,1,1,1,1,1,1,1,1,1,5,450,30,5,1.1,250,Chansey,113,35,105,50,normal,,34.6,0
2,1,1,0.5,1,1,2,2,1,0.5,0.5,2,1,2,1,1,1,0.5,55,435,45,115,1,65,Tangela,114,100,40,60,grass,,35,0
1,1,1,1,1,2,1,1,0,1,1,1,1,1,1,1,1,1,125,590,45,100,2.2,105,Kangaskhan,115,60,100,100,normal,,80,0
1,1,1,2,1,1,0.5,1,1,2,1,0.5,1,1,1,1,0.5,0.5,40,295,225,70,0.4,30,Horsea,116,70,25,60,water,,8,0
1,1,1,2,1,1,0.5,1,1,2,1,0.5,1,1,1,1,0.5,0.5,65,440,75,95,1.2,55,Seadra,117,95,45,85,water,,25,0
1,1,1,2,1,1,0.5,1,1,2,1,0.5,1,1,1,1,0.5,0.5,67,320,225,60,0.6,45,Goldeen,118,35,50,63,water,,15,0
1,1,1,2,1,1,0.5,1,1,2,1,0.5,1,1,1,1,0.5,0.5,92,450,60,65,1.3,80,Seaking,119,65,80,68,water,,39,0
1,1,1,2,1,1,0.5,1,1,2,1,0.5,1,1,1,1,0.5,0.5,45,340,225,55,0.8,30,Staryu,120,70,55,85,water,,34.5,0
2,2,1,2,1,0.5,0.5,1,2,2,1,0.5,1,1,0.5,1,0.5,0.5,75,520,60,85,1.1,60,Starmie,121,100,85,115,water,psychic,80,0
1,1,0,1,1,0.25,1,1,2,1,1,1,1,2,0.5,1,2,1,45,460,45,65,1.3,40,Mr. Mime,122,100,120,90,psychic,fairy,54.5,0
0.5,1,1,2,1,0.25,2,2,1,0.25,0,2,1,1,1,4,1,1,110,500,45,80,1.5,70,Scyther,123,55,80,105,bug,flying,56,0
2,2,1,1,1,1,2,1,2,1,1,0.5,1,1,0.5,2,2,1,50,455,45,35,1.4,65,Jynx,124,115,95,95,ice,psychic,40.6,0
1,1,1,0.5,1,1,1,0.5,1,1,2,1,1,1,1,1,0.5,1,83,490,45,57,1.1,65,Electabuzz,125,95,85,105,electric,,30,0
0.5,1,1,1,0.5,1,0.5,1,1,0.5,2,0.5,1,1,1,2,0.5,2,95,495,45,57,1.3,65,Magmar,126,100,85,93,fire,,44.5,0
1,1,1,1,1,0.5,2,2,1,0.5,0.5,1,1,1,1,2,1,1,155,600,45,120,1.5,65,Pinsir,127,65,90,105,bug,,55,0
1,1,1,1,1,2,1,1,0,1,1,1,1,1,1,1,1,1,100,490,45,95,1.4,75,Tauros,128,40,70,110,normal,,88.4,0
1,1,1,2,1,1,0.5,1,1,2,1,0.5,1,1,1,1,0.5,0.5,10,200,255,55,0.9,20,Magikarp,129,15,20,80,water,,10,0
0.5,1,1,4,1,0.5,0.5,1,1,1,0,1,1,1,1,2,0.5,0.5,155,640,45,109,6.5,95,Gyarados,130,70,130,81,water,flying,235,0
1,1,1,2,1,2,1,1,1,2,1,0.25,1,1,1,2,1,0.5,85,535,45,80,2.5,130,Lapras,131,85,95,60,water,ice,220,0
1,1,1,1,1,2,1,1,0,1,1,1,1,1,1,1,1,1,48,288,35,48,0.3,48,Ditto,132,48,48,48,normal,,4,0
1,1,1,1,1,2,1,1,0,1,1,1,1,1,1,1,1,1,55,325,45,50,0.3,55,Eevee,133,45,65,55,normal,,6.5,0
1,1,1,2,1,1,0.5,1,1,2,1,0.5,1,1,1,1,0.5,0.5,65,525,45,60,1,130,Vaporeon,134,110,95,65,water,,29,0
1,1,1,0.5,1,1,1,0.5,1,1,2,1,1,1,1,1,0.5,1,65,525,45,60,0.8,65,Jolteon,135,110,95,130,electric,,24.5,0
0.5,1,1,1,0.5,1,0.5,1,1,0.5,2,0.5,1,1,1,2,0.5,2,130,525,45,60,0.9,65,Flareon,136,95,110,65,fire,,25,0
1,1,1,1,1,2,1,1,0,1,1,1,1,1,1,1,1,1,60,395,45,70,0.8,65,Porygon,137,85,75,40,normal,,36.5,0
1,1,1,2,1,2,0.25,0.5,1,4,2,0.5,0.5,0.5,1,1,1,1,40,355,45,100,0.4,35,Omanyte,138,90,55,35,rock,water,7.5,0
1,1,1,2,1,2,0.25,0.5,1,4,2,0.5,0.5,0.5,1,1,1,1,60,495,45,125,1,70,Omastar,139,115,70,55,rock,water,35,0
1,1,1,2,1,2,0.25,0.5,1,4,2,0.5,0.5,0.5,1,1,1,1,80,355,45,90,0.5,30,Kabuto,140,55,45,55,rock,water,11.5,0
1,1,1,2,1,2,0.25,0.5,1,4,2,0.5,0.5,0.5,1,1,1,1,115,495,45,105,1.3,60,Kabutops,141,65,70,80,rock,water,40.5,0
0.5,1,1,2,1,1,0.5,0.5,1,1,0,2,0.5,0.5,1,2,2,2,135,615,45,85,1.8,80,Aerodactyl,142,70,95,150,rock,flying,59,0
1,1,1,1,1,2,1,1,0,1,1,1,1,1,1,1,1,1,110,540,25,65,2.1,160,Snorlax,143,65,110,30,normal,,460,0
0.5,1,1,2,1,1,2,1,1,0.5,0,1,1,1,1,4,2,1,85,580,3,100,1.7,90,Articuno,144,95,125,85,ice,flying,55.4,1
0.5,1,1,1,1,0.5,1,0.5,1,0.5,0,2,1,1,1,2,0.5,1,90,580,3,85,1.6,90,Zapdos,145,125,90,100,electric,flying,52.6,1
0.25,1,1,2,0.5,0.5,0.5,1,1,0.25,0,1,1,1,1,4,0.5,2,100,580,3,90,2,90,Moltres,146,125,85,90,fire,flying,60,1
1,1,2,0.5,2,1,0.5,1,1,0.5,1,2,1,1,1,1,1,0.5,64,300,45,45,1.8,41,Dratini,147,50,50,50,dragon,,3.3,0
1,1,2,0.5,2,1,0.5,1,1,0.5,1,2,1,1,1,1,1,0.5,84,420,45,65,4,61,Dragonair,148,70,70,70,dragon,,16.5,0
0.5,1,2,1,2,0.5,0.5,1,1,0.25,0,4,1,1,1,2,1,0.5,134,600,45,95,2.2,91,Dragonite,149,100,100,80,dragon,flying,210,0
2,2,1,1,1,0.5,1,1,2,1,1,1,1,1,0.5,1,1,1,150,780,3,70,2,106,Mewtwo,150,194,120,140,psychic,,122,1
2,2,1,1,1,0.5,1,1,2,1,1,1,1,1,0.5,1,1,1,100,600,45,100,0.4,100,Mew,151,100,100,100,psychic,,4,1
2,1,1,0.5,1,1,2,2,1,0.5,0.5,2,1,2,1,1,1,0.5,49,318,45,65,0.9,45,Chikorita,152,49,65,45,grass,,6.4,0
2,1,1,0.5,1,1,2,2,1,0.5,0.5,2,1,2,1,1,1,0.5,62,405,45,80,1.2,60,Bayleef,153,63,80,60,grass,,15.8,0
2,1,1,0.5,1,1,2,2,1,0.5,0.5,2,1,2,1,1,1,0.5,82,525,45,100,1.8,80,Meganium,154,83,100,80,grass,,100.5,0
0.5,1,1,1,0.5,1,0.5,1,1,0.5,2,0.5,1,1,1,2,0.5,2,52,309,45,43,0.5,39,Cyndaquil,155,60,50,65,fire,,7.9,0
0.5,1,1,1,0.5,1,0.5,1,1,0.5,2,0.5,1,1,1,2,0.5,2,64,405,45,58,0.9,58,Quilava,156,80,65,80,fire,,19,0
0.5,1,1,1,0.5,1,0.5,1,1,0.5,2,0.5,1,1,1,2,0.5,2,84,534,45,78,1.7,78,Typhlosion,157,109,85,100,fire,,79.5,0
1,1,1,2,1,1,0.5,1,1,2,1,0.5,1,1,1,1,0.5,0.5,65,314,45,64,0.6,50,Totodile,158,44,48,43,water,,9.5,0
1,1,1,2,1,1,0.5,1,1,2,1,0.5,1,1,1,1,0.5,0.5,80,405,45,80,1.1,65,Croconaw,159,59,63,58,water,,25,0
1,1,1,2,1,1,0.5,1,1,2,1,0.5,1,1,1,1,0.5,0.5,105,530,45,100,2.3,85,Feraligatr,160,79,83,78,water,,88.8,0
1,1,1,1,1,2,1,1,0,1,1,1,1,1,1,1,1,1,46,215,255,34,0.8,35,Sentret,161,35,45,20,normal,,6,0
1,1,1,1,1,2,1,1,0,1,1,1,1,1,1,1,1,1,76,415,90,64,1.8,85,Furret,162,45,55,90,normal,,32.5,0
0.5,1,1,2,1,1,1,1,0,0.5,0,2,1,1,1,2,1,1,30,262,255,30,0.7,60,Hoothoot,163,36,56,50,normal,flying,21.2,0
0.5,1,1,2,1,1,1,1,0,0.5,0,2,1,1,1,2,1,1,50,452,90,50,1.6,100,Noctowl,164,86,96,70,normal,flying,40.8,0
0.5,1,1,2,1,0.25,2,2,1,0.25,0,2,1,1,1,4,1,1,20,265,255,30,1,40,Ledyba,165,40,80,55,bug,flying,10.8,0
0.5,1,1,2,1,0.25,2,2,1,0.25,0,2,1,1,1,4,1,1,35,390,90,50,1.4,55,Ledian,166,55,110,85,bug,flying,35.6,0
0.5,1,1,1,0.5,0.25,2,2,1,0.25,1,1,1,0.5,2,2,1,1,60,250,255,40,0.5,40,Spinarak,167,40,40,30,bug,poison,8.5,0
0.5,1,1,1,0.5,0.25,2,2,1,0.25,1,1,1,0.5,2,2,1,1,90,400,90,70,1.1,70,Ariados,168,60,70,40,bug,poison,33.5,0
0.25,1,1,2,0.5,0.25,1,1,1,0.25,0,2,1,0.5,2,2,1,1,90,535,90,80,1.8,85,Crobat,169,70,80,130,poison,flying,75,0
1,1,1,1,1,1,0.5,0.5,1,2,2,0.5,1,1,1,1,0.25,0.5,38,330,190,38,0.5,75,Chinchou,170,56,56,67,water,electric,12,0
1,1,1,1,1,1,0.5,0.5,1,2,2,0.5,1,1,1,1,0.25,0.5,58,460,75,58,1.2,125,Lanturn,171,76,76,67,water,electric,22.5,0
1,1,1,0.5,1,1,1,0.5,1,1,2,1,1,1,1,1,0.5,1,40,205,190,15,0.3,20,Pichu,172,35,35,60,electric,,2,0
0.5,0.5,0,1,1,0.5,1,1,1,1,1,1,1,2,1,1,2,1,25,218,150,28,0.3,50,Cleffa,173,45,55,15,fairy,,3,0
0.5,0.5,0,1,1,1,1,1,0,1,1,1,1,2,1,1,2,1,30,210,170,15,0.3,90,Igglybuff,174,40,20,15,normal,fairy,1,0
0.5,0.5,0,1,1,0.5,1,1,1,1,1,1,1,2,1,1,2,1,20,245,190,65,0.3,35,Togepi,175,40,65,20,fairy,,1.5,0
0.25,0.5,0,2,1,0.25,1,1,1,0.5,0,2,1,2,1,2,2,1,40,405,75,85,0.6,55,Togetic,176,80,105,40,fairy,flying,3.2,0
1,2,1,2,1,0.25,1,1,2,0.5,0,2,1,1,0.5,2,1,1,50,320,190,45,0.2,40,Natu,177,70,45,70,psychic,flying,2,0
1,2,1,2,1,0.25,1,1,2,0.5,0,2,1,1,0.5,2,1,1,75,470,75,70,1.5,65,Xatu,178,95,70,95,psychic,flying,15,0
1,1,1,0.5,1,1,1,0.5,1,1,2,1,1,1,1,1,0.5,1,40,280,235,40,0.6,55,Mareep,179,65,45,35,electric,,7.8,0
1,1,1,0.5,1,1,1,0.5,1,1,2,1,1,1,1,1,0.5,1,55,365,120,55,0.8,70,Flaaffy,180,80,60,45,electric,,13.3,0
1,1,1,0.5,1,1,1,0.5,1,1,2,1,1,1,1,1,0.5,1,95,610,45,105,1.4,90,Ampharos,181,165,110,45,electric,,61.5,0
2,1,1,0.5,1,1,2,2,1,0.5,0.5,2,1,2,1,1,1,0.5,80,490,45,95,0.4,75,Bellossom,182,90,100,50,grass,,5.8,0
0.5,0.5,0,2,1,0.5,0.5,1,1,2,1,0.5,1,2,1,1,1,0.5,20,250,190,50,0.4,70,Marill,183,20,50,40,water,fairy,8.5,0
0.5,0.5,0,2,1,0.5,0.5,1,1,2,1,0.5,1,2,1,1,1,0.5,50,420,75,80,0.8,100,Azumarill,184,60,80,50,water,fairy,28.5,0
1,1,1,1,1,2,0.5,0.5,1,2,2,1,0.5,0.5,1,1,2,2,100,410,65,115,1.2,70,Sudowoodo,185,30,65,30,rock,,38,0
1,1,1,2,1,1,0.5,1,1,2,1,0.5,1,1,1,1,0.5,0.5,75,500,45,75,1.1,90,Politoed,186,90,100,70,water,,33.9,0
1,1,1,1,1,0.5,2,2,1,0.25,0,4,1,2,1,2,1,0.5,35,250,255,40,0.4,35,Hoppip,187,35,55,50,grass,flying,0.5,0
1,1,1,1,1,0.5,2,2,1,0.25,0,4,1,2,1,2,1,0.5,45,340,120,50,0.6,55,Skiploom,188,45,65,80,grass,flying,1,0
1,1,1,1,1,0.5,2,2,1,0.25,0,4,1,2,1,2,1,0.5,55,460,45,70,0.8,75,Jumpluff,189,55,95,110,grass,flying,3,0
1,1,1,1,1,2,1,1,0,1,1,1,1,1,1,1,1,1,70,360,45,55,0.8,55,Aipom,190,40,55,85,normal,,11.5,0
2,1,1,0.5,1,1,2,2,1,0.5,0.5,2,1,2,1,1,1,0.5,30,180,235,30,0.3,30,Sunkern,191,30,30,30,grass,,1.8,0
2,1,1,0.5,1,1,2,2,1,0.5,0.5,2,1,2,1,1,1,0.5,75,425,120,55,0.8,75,Sunflora,192,105,85,30,grass,,8.5,0
0.5,1,1,2,1,0.25,2,2,1,0.25,0,2,1,1,1,4,1,1,65,390,75,45,1.2,65,Yanma,193,75,45,95,bug,flying,38,0
1,1,1,0,1,1,0.5,1,1,4,1,1,1,0.5,1,0.5,0.5,1,45,210,255,45,0.4,55,Wooper,194,25,25,15,water,ground,8.5,0
1,1,1,0,1,1,0.5,1,1,4,1,1,1,0.5,1,0.5,0.5,1,85,430,90,85,1.4,95,Quagsire,195,65,65,35,water,ground,75,0
2,2,1,1,1,0.5,1,1,2,1,1,1,1,1,0.5,1,1,1,65,525,45,60,0.9,65,Espeon,196,130,95,110,psychic,,26.5,0
2,0.5,1,1,2,2,1,1,0.5,1,1,1,1,1,0,1,1,1,65,525,45,110,1,95,Umbreon,197,60,130,65,dark,,27,0
1,0.5,1,2,2,1,1,1,0.5,0.5,0,2,1,1,0,2,1,1,85,405,30,42,0.5,60,Murkrow,198,85,42,91,dark,flying,2.1,0
2,2,1,2,1,0.5,0.5,1,2,2,1,0.5,1,1,0.5,1,0.5,0.5,75,490,70,80,2,95,Slowking,199,100,110,30,water,psychic,79.5,0
0.5,2,1,1,1,0,1,1,2,1,1,1,0,0.5,1,1,1,1,60,435,45,60,0.7,60,Misdreavus,200,85,85,85,ghost,,1,0
2,2,1,1,1,0.5,1,1,2,1,1,1,1,1,0.5,1,1,1,72,336,225,48,0.5,48,Unown,201,72,48,48,psychic,,5,0
2,2,1,1,1,0.5,1,1,2,1,1,1,1,1,0.5,1,1,1,33,405,45,58,1.3,190,Wobbuffet,202,33,58,33,psychic,,28.5,0
2,2,1,1,1,1,1,1,0,1,1,1,1,1,0.5,1,1,1,80,455,60,65,1.5,70,Girafarig,203,90,65,85,normal,psychic,41.5,0
1,1,1,1,1,0.5,2,2,1,0.5,0.5,1,1,1,1,2,1,1,65,290,190,90,0.6,50,Pineco,204,35,35,15,bug,,7.2,0
0.5,1,0.5,1,0.5,1,4,1,1,0.25,1,0.5,0.5,0,0.5,1,0.5,1,90,465,75,140,1.2,75,Forretress,205,60,60,40,bug,steel,125.8,0
1,1,1,1,1,2,1,1,0,1,1,1,1,1,1,1,1,1,70,415,190,70,1.5,100,Dunsparce,206,65,65,45,normal,,14,0
0.5,1,1,0,1,0.5,1,1,1,1,0,4,1,0.5,1,1,1,2,75,430,60,105,1.1,65,Gligar,207,35,65,85,ground,flying,64.8,0
0.5,1,0.5,0,0.5,2,2,0.5,1,1,2,1,0.5,0,0.5,0.25,0.5,2,125,610,25,230,9.2,75,Steelix,208,55,95,30,steel,ground,400,0
0.5,0.5,0,1,1,0.5,1,1,1,1,1,1,1,2,1,1,2,1,80,300,190,50,0.6,60,Snubbull,209,40,40,30,fairy,,7.8,0
0.5,0.5,0,1,1,0.5,1,1,1,1,1,1,1,2,1,1,2,1,120,450,75,75,1.4,90,Granbull,210,60,60,45,fairy,,48.7,0
0.5,1,1,2,0.5,0.5,0.5,1,1,1,2,0.5,1,0.5,2,1,0.5,0.5,95,440,45,85,0.5,65,Qwilfish,211,55,55,85,water,poison,3.9,0
0.5,1,0.5,1,0.5,1,4,1,1,0.25,1,0.5,0.5,0,0.5,1,0.5,1,150,600,25,140,1.8,70,Scizor,212,65,100,75,bug,steel,118,0
1,1,1,1,1,1,1,1,1,1,1,1,0.5,0.5,1,2,2,2,10,505,190,230,0.6,20,Shuckle,213,10,230,5,bug,rock,20.5,0
0.5,0.5,1,1,2,0.5,2,4,1,0.5,0.5,1,1,1,2,1,1,1,185,600,45,115,1.5,80,Heracross,214,40,105,75,bug,fighting,54,0
2,0.5,1,1,2,4,2,1,0.5,1,1,0.5,1,1,0,2,2,1,95,430,60,55,0.9,55,Sneasel,215,35,75,115,dark,ice,28,0
1,1,1,1,1,2,1,1,0,1,1,1,1,1,1,1,1,1,80,330,120,50,0.6,60,Teddiursa,216,50,50,40,normal,,8.8,0
1,1,1,1,1,2,1,1,0,1,1,1,1,1,1,1,1,1,130,500,60,75,1.8,90,Ursaring,217,75,75,55,normal,,125.8,0
0.5,1,1,1,0.5,1,0.5,1,1,0.5,2,0.5,1,1,1,2,0.5,2,40,250,190,40,0.7,40,Slugma,218,70,40,20,fire,,35,0
0.5,1,1,1,0.5,2,0.25,0.5,1,1,4,0.5,0.5,0.5,1,2,1,4,50,430,75,120,0.8,60,Magcargo,219,90,80,30,fire,rock,55,0
1,1,1,0,1,2,2,1,1,2,1,1,1,0.5,1,1,2,2,50,250,225,40,0.4,50,Swinub,220,30,30,50,ice,ground,6.5,0
1,1,1,0,1,2,2,1,1,2,1,1,1,0.5,1,1,2,2,100,450,75,80,1.1,100,Piloswine,221,60,60,50,ice,ground,55.8,0
1,1,1,2,1,2,0.25,0.5,1,4,2,0.5,0.5,0.5,1,1,1,1,55,410,60,95,0.6,65,Corsola,222,65,95,35,water,rock,5,0
1,1,1,2,1,1,0.5,1,1,2,1,0.5,1,1,1,1,0.5,0.5,65,300,190,35,0.6,35,Remoraid,223,65,35,65,water,,12,0
1,1,1,2,1,1,0.5,1,1,2,1,0.5,1,1,1,1,0.5,0.5,105,480,75,75,0.9,75,Octillery,224,105,75,45,water,,28.5,0
0.5,1,1,2,1,1,2,1,1,0.5,0,1,1,1,1,4,2,1,55,330,45,45,0.9,45,Delibird,225,65,45,75,ice,flying,16,0
0.5,1,1,4,1,0.5,0.5,1,1,1,0,1,1,1,1,2,0.5,0.5,40,485,25,70,2.1,85,Mantine,226,80,140,70,water,flying,220,0
0.25,1,0.5,2,0.5,1,2,0.5,1,0.25,0,1,0.5,0,0.5,1,0.5,1,80,465,25,140,1.7,65,Skarmory,227,40,70,70,steel,flying,50.5,0
1,0.5,1,1,1,2,0.5,1,0.5,0.5,2,0.5,1,1,0,2,0.5,2,60,330,120,30,0.6,45,Houndour,228,80,50,65,dark,fire,10.8,0
1,0.5,1,1,1,2,0.5,1,0.5,0.5,2,0.5,1,1,0,2,0.5,2,90,600,45,90,1.4,75,Houndoom,229,140,90,115,dark,fire,35,0
1,1,2,1,2,1,0.25,1,1,1,1,1,1,1,1,1,0.5,0.25,95,540,45,95,1.8,75,Kingdra,230,95,95,85,water,dragon,152,0
1,1,1,0,1,1,1,1,1,2,1,2,1,0.5,1,0.5,1,2,60,330,120,60,0.5,90,Phanpy,231,40,40,40,ground,,33.5,0
1,1,1,0,1,1,1,1,1,2,1,2,1,0.5,1,0.5,1,2,120,500,60,120,1.1,90,Donphan,232,60,60,50,ground,,120,0
1,1,1,1,1,2,1,1,0,1,1,1,1,1,1,1,1,1,80,515,45,90,0.6,85,Porygon2,233,105,95,60,normal,,32.5,0
1,1,1,1,1,2,1,1,0,1,1,1,1,1,1,1,1,1,95,465,45,62,1.4,73,Stantler,234,85,65,85,normal,,71.2,0
1,1,1,1,1,2,1,1,0,1,1,1,1,1,1,1,1,1,20,250,45,35,1.2,55,Smeargle,235,20,45,75,normal,,58,0
0.5,0.5,1,1,2,1,1,2,1,1,1,1,1,1,2,0.5,1,1,35,210,75,35,0.7,35,Tyrogue,236,35,35,35,fighting,,21,0
0.5,0.5,1,1,2,1,1,2,1,1,1,1,1,1,2,0.5,1,1,95,455,45,95,1.4,50,Hitmontop,237,35,110,70,fighting,,48,0
2,2,1,1,1,1,2,1,2,1,1,0.5,1,1,0.5,2,2,1,30,305,45,15,0.4,45,Smoochum,238,85,65,65,ice,psychic,6,0
1,1,1,0.5,1,1,1,0.5,1,1,2,1,1,1,1,1,0.5,1,63,360,45,37,0.6,45,Elekid,239,65,55,95,electric,,23.5,0
0.5,1,1,1,0.5,1,0.5,1,1,0.5,2,0.5,1,1,1,2,0.5,2,75,365,45,37,0.7,45,Magby,240,70,55,83,fire,,21.4,0
1,1,1,1,1,2,1,1,0,1,1,1,1,1,1,1,1,1,80,490,45,105,1.2,95,Miltank,241,40,70,100,normal,,75.5,0
1,1,1,1,1,2,1,1,0,1,1,1,1,1,1,1,1,1,10,540,30,10,1.5,255,Blissey,242,75,135,55,normal,,46.8,0
1,1,1,0.5,1,1,1,0.5,1,1,2,1,1,1,1,1,0.5,1,85,580,3,75,1.9,90,Raikou,243,115,100,115,electric,,178,1
0.5,1,1,1,0.5,1,0.5,1,1,0.5,2,0.5,1,1,1,2,0.5,2,115,580,3,85,2.1,115,Entei,244,90,75,100,fire,,198,1
1,1,1,2,1,1,0.5,1,1,2,1,0.5,1,1,1,1,0.5,0.5,75,580,3,115,2,100,Suicune,245,90,115,85,water,,187,1
1,1,1,0,1,2,0.5,0.5,1,4,2,2,0.5,0.25,1,0.5,2,4,64,300,45,50,0.6,50,Larvitar,246,45,50,41,rock,ground,72,0
1,1,1,0,1,2,0.5,0.5,1,4,2,2,0.5,0.25,1,0.5,2,4,84,410,45,70,1.2,70,Pupitar,247,65,70,51,rock,ground,152,0
2,0.5,1,1,2,4,0.5,0.5,0.5,2,2,1,0.5,0.5,0,1,2,2,164,700,45,150,2,100,Tyranitar,248,95,120,71,rock,dark,202,0
1,2,1,2,1,0.25,1,1,2,0.5,0,2,1,1,0.5,2,1,1,90,680,3,130,5.2,106,Lugia,249,90,154,110,psychic,flying,216,1
0.25,1,1,2,0.5,0.5,0.5,1,1,0.25,0,1,1,1,1,4,0.5,2,130,680,3,90,3.8,106,Ho-Oh,250,110,154,90,fire,flying,199,1
4,2,1,0.5,1,0.5,2,2,2,0.5,0.5,2,1,2,0.5,1,1,0.5,100,600,45,100,0.6,100,Celebi,251,100,100,100,psychic,grass,5,1
2,1,1,0.5,1,1,2,2,1,0.5,0.5,2,1,2,1,1,1,0.5,45,310,45,35,0.5,40,Treecko,252,65,55,70,grass,,5,0
2,1,1,0.5,1,1,2,2,1,0.5,0.5,2,1,2,1,1,1,0.5,65,405,45,45,0.9,50,Grovyle,253,85,65,95,grass,,21.6,0
2,1,1,0.5,1,1,2,2,1,0.5,0.5,2,1,2,1,1,1,0.5,110,630,45,75,1.7,70,Sceptile,254,145,85,145,grass,,52.2,0
0.5,1,1,1,0.5,1,0.5,1,1,0.5,2,0.5,1,1,1,2,0.5,2,60,310,45,40,0.4,45,Torchic,255,70,50,45,fire,,2.5,0
0.25,0.5,1,1,1,1,0.5,2,1,0.5,2,0.5,1,1,2,1,0.5,2,85,405,45,60,0.9,60,Combusken,256,85,60,55,fire,fighting,19.5,0
0.25,0.5,1,1,1,1,0.5,2,1,0.5,2,0.5,1,1,2,1,0.5,2,160,630,45,80,1.9,80,Blaziken,257,130,80,100,fire,fighting,52,0
1,1,1,2,1,1,0.5,1,1,2,1,0.5,1,1,1,1,0.5,0.5,70,310,45,50,0.4,50,Mudkip,258,50,50,40,water,,7.6,0
1,1,1,0,1,1,0.5,1,1,4,1,1,1,0.5,1,0.5,0.5,1,85,405,45,70,0.7,70,Marshtomp,259,60,70,50,water,ground,28,0
1,1,1,0,1,1,0.5,1,1,4,1,1,1,0.5,1,0.5,0.5,1,150,635,45,110,1.5,100,Swampert,260,95,110,70,water,ground,81.9,0
2,0.5,1,1,2,2,1,1,0.5,1,1,1,1,1,0,1,1,1,55,220,255,35,0.5,35,Poochyena,261,30,30,35,dark,,13.6,0
2,0.5,1,1,2,2,1,1,0.5,1,1,1,1,1,0,1,1,1,90,420,127,70,1,70,Mightyena,262,60,60,70,dark,,37,0
1,1,1,1,1,2,1,1,0,1,1,1,1,1,1,1,1,1,30,240,255,41,0.4,38,Zigzagoon,263,30,41,60,normal,,17.5,0
1,1,1,1,1,2,1,1,0,1,1,1,1,1,1,1,1,1,70,420,90,61,0.5,78,Linoone,264,50,61,100,normal,,32.5,0
1,1,1,1,1,0.5,2,2,1,0.5,0.5,1,1,1,1,2,1,1,45,195,255,35,0.3,45,Wurmple,265,20,30,20,bug,,3.6,0
1,1,1,1,1,0.5,2,2,1,0.5,0.5,1,1,1,1,2,1,1,35,205,120,55,0.6,50,Silcoon,266,25,25,15,bug,,10,0
0.5,1,1,2,1,0.25,2,2,1,0.25,0,2,1,1,1,4,1,1,70,395,45,50,1,60,Beautifly,267,100,50,65,bug,flying,28.4,0
1,1,1,1,1,0.5,2,2,1,0.5,0.5,1,1,1,1,2,1,1,35,205,120,55,0.7,50,Cascoon,268,25,25,15,bug,,11.5,0
0.5,1,1,1,0.5,0.25,2,2,1,0.25,1,1,1,0.5,2,2,1,1,50,385,45,70,1.2,60,Dustox,269,50,90,65,bug,poison,31.6,0
2,1,1,1,1,1,1,2,1,1,0.5,1,1,2,1,1,0.5,0.25,30,220,255,30,0.5,40,Lotad,270,40,50,30,water,grass,2.6,0
2,1,1,1,1,1,1,2,1,1,0.5,1,1,2,1,1,0.5,0.25,50,340,120,50,1.2,60,Lombre,271,60,70,50,water,grass,32.5,0
2,1,1,1,1,1,1,2,1,1,0.5,1,1,2,1,1,0.5,0.25,70,480,45,70,1.5,80,Ludicolo,272,90,100,70,water,grass,55,0
2,1,1,0.5,1,1,2,2,1,0.5,0.5,2,1,2,1,1,1,0.5,40,220,255,50,0.5,40,Seedot,273,30,30,30,grass,,4,0
4,0.5,1,0.5,2,2,2,2,0.5,0.5,0.5,2,1,2,0,1,1,0.5,70,340,120,40,1,70,Nuzleaf,274,60,40,60,grass,dark,28,0
4,0.5,1,0.5,2,2,2,2,0.5,0.5,0.5,2,1,2,0,1,1,0.5,100,480,45,60,1.3,90,Shiftry,275,90,60,80,grass,dark,59.6,0
0.5,1,1,2,1,1,1,1,0,0.5,0,2,1,1,1,2,1,1,55,270,200,30,0.3,40,Taillow,276,30,30,85,normal,flying,2.3,0
0.5,1,1,2,1,1,1,1,0,0.5,0,2,1,1,1,2,1,1,85,455,45,60,0.7,60,Swellow,277,75,50,125,normal,flying,19.8,0
0.5,1,1,4,1,0.5,0.5,1,1,1,0,1,1,1,1,2,0.5,0.5,30,270,190,30,0.6,40,Wingull,278,55,30,85,water,flying,9.5,0
0.5,1,1,4,1,0.5,0.5,1,1,1,0,1,1,1,1,2,0.5,0.5,50,440,45,100,1.2,60,Pelipper,279,95,70,65,water,flying,28,0
1,1,0,1,1,0.25,1,1,2,1,1,1,1,2,0.5,1,2,1,25,198,235,25,0.4,28,Ralts,280,45,35,40,psychic,fairy,6.6,0
1,1,0,1,1,0.25,1,1,2,1,1,1,1,2,0.5,1,2,1,35,278,120,35,0.8,38,Kirlia,281,65,55,50,psychic,fairy,20.2,0
1,1,0,1,1,0.25,1,1,2,1,1,1,1,2,0.5,1,2,1,85,618,45,65,1.6,68,Gardevoir,282,165,135,100,psychic,fairy,48.4,0
1,1,1,2,1,0.5,1,2,1,1,0.5,0.5,1,1,1,2,0.5,0.5,30,269,200,32,0.5,40,Surskit,283,50,52,65,bug,water,1.7,0
0.5,1,1,2,1,0.25,2,2,1,0.25,0,2,1,1,1,4,1,1,60,454,75,62,0.8,70,Masquerain,284,100,82,80,bug,flying,3.6,0
2,1,1,0.5,1,1,2,2,1,0.5,0.5,2,1,2,1,1,1,0.5,40,295,255,60,0.4,60,Shroomish,285,40,60,35,grass,,4.5,0
1,0.5,1,0.5,2,1,2,4,1,0.5,0.5,2,1,2,2,0.5,1,0.5,130,460,90,80,1.2,60,Breloom,286,60,60,70,grass,fighting,39.2,0
1,1,1,1,1,2,1,1,0,1,1,1,1,1,1,1,1,1,60,280,255,60,0.8,60,Slakoth,287,35,35,30,normal,,24,0
1,1,1,1,1,2,1,1,0,1,1,1,1,1,1,1,1,1,80,440,120,80,1.4,80,Vigoroth,288,55,55,90,normal,,46.5,0
1,1,1,1,1,2,1,1,0,1,1,1,1,1,1,1,1,1,160,670,45,100,2,150,Slaking,289,95,65,100,normal,,130.5,0
1,1,1,0,1,0.5,2,2,1,1,0.5,2,1,0.5,1,1,1,2,45,266,255,90,0.5,31,Nincada,290,30,30,40,bug,ground,5.5,0
0.5,1,1,2,1,0.25,2,2,1,0.25,0,2,1,1,1,4,1,1,90,456,120,45,0.8,61,Ninjask,291,50,50,160,bug,flying,12,0
0.5,2,1,1,1,0,2,2,2,0.5,0.5,1,0,0.5,1,2,1,1,90,236,45,45,0.8,1,Shedinja,292,30,30,40,bug,ghost,1.2,0
1,1,1,1,1,2,1,1,0,1,1,1,1,1,1,1,1,1,51,240,190,23,0.6,64,Whismur,293,51,23,28,normal,,16.3,0
1,1,1,1,1,2,1,1,0,1,1,1,1,1,1,1,1,1,71,360,120,43,1,84,Loudred,294,71,43,48,normal,,40.5,0
1,1,1,1,1,2,1,1,0,1,1,1,1,1,1,1,1,1,91,490,45,63,1.5,104,Exploud,295,91,73,68,normal,,84,0
0.5,0.5,1,1,2,1,1,2,1,1,1,1,1,1,2,0.5,1,1,60,237,180,30,1,72,Makuhita,296,20,30,25,fighting,,86.4,0
0.5,0.5,1,1,2,1,1,2,1,1,1,1,1,1,2,0.5,1,1,120,474,200,60,2.3,144,Hariyama,297,40,60,50,fighting,,253.8,0
0.5,0.5,0,1,1,1,1,1,0,1,1,1,1,2,1,1,2,1,20,190,150,40,0.2,50,Azurill,298,20,40,20,normal,fairy,2,0
1,1,1,1,1,2,0.5,0.5,1,2,2,1,0.5,0.5,1,1,2,2,45,375,255,135,1,30,Nosepass,299,45,90,30,rock,,97,0
1,1,1,1,1,2,1,1,0,1,1,1,1,1,1,1,1,1,45,260,255,45,0.6,50,Skitty,300,35,35,50,normal,,11,0
1,1,1,1,1,2,1,1,0,1,1,1,1,1,1,1,1,1,65,400,60,65,1.1,70,Delcatty,301,55,55,90,normal,,32.6,0
1,1,1,1,2,0,1,1,1,1,1,1,0,0.5,0,1,1,1,85,480,45,125,0.5,50,Sableye,302,85,115,20,dark,ghost,11,0
0.25,0.5,0,1,0.5,1,2,0.5,1,0.5,2,0.5,0.5,0,0.5,0.5,1,1,105,480,45,125,0.6,50,Mawile,303,55,95,50,steel,fairy,11.5,0
0.5,1,0.5,1,0.5,4,1,0.25,1,1,4,0.5,0.25,0,0.5,0.5,1,2,70,330,180,100,0.4,50,Aron,304,40,40,30,steel,rock,60,0
0.5,1,0.5,1,0.5,4,1,0.25,1,1,4,0.5,0.25,0,0.5,0.5,1,2,90,430,90,140,0.9,60,Lairon,305,50,50,40,steel,rock,120,0
0.5,1,0.5,1,0.5,4,1,0.25,1,1,4,0.5,0.25,0,0.5,0.5,1,2,140,630,45,230,2.1,70,Aggron,306,60,80,50,steel,rock,360,0
1,1,1,1,2,0.5,1,2,2,1,1,1,1,1,1,0.5,1,1,40,280,180,55,0.6,30,Meditite,307,40,55,60,fighting,psychic,11.2,0
1,1,1,1,2,0.5,1,2,2,1,1,1,1,1,1,0.5,1,1,100,510,90,85,1.3,60,Medicham,308,80,85,100,fighting,psychic,31.5,0
1,1,1,0.5,1,1,1,0.5,1,1,2,1,1,1,1,1,0.5,1,45,295,120,40,0.6,40,Electrike,309,65,40,65,electric,,15.2,0
1,1,1,0.5,1,1,1,0.5,1,1,2,1,1,1,1,1,0.5,1,75,575,45,80,1.5,70,Manectric,310,135,80,135,electric,,40.2,0
1,1,1,0.5,1,1,1,0.5,1,1,2,1,1,1,1,1,0.5,1,50,405,200,40,0.4,60,Plusle,311,85,75,95,electric,,4.2,0
1,1,1,0.5,1,1,1,0.5,1,1,2,1,1,1,1,1,0.5,1,40,405,200,50,0.4,60,Minun,312,75,85,95,electric,,4.2,0
1,1,1,1,1,0.5,2,2,1,0.5,0.5,1,1,1,1,2,1,1,73,430,150,75,0.7,65,Volbeat,313,47,85,85,bug,,17.7,0
1,1,1,1,1,0.5,2,2,1,0.5,0.5,1,1,1,1,2,1,1,47,430,150,75,0.6,65,Illumise,314,73,85,85,bug,,17.7,0
1,1,1,0.5,0.5,0.5,2,2,1,0.25,1,2,1,1,2,1,1,0.5,60,400,150,45,0.3,50,Roselia,315,100,80,65,grass,poison,2,0
0.5,1,1,1,0.5,0.5,1,1,1,0.5,2,1,1,0.5,2,1,1,1,43,302,225,53,0.4,70,Gulpin,316,43,53,40,poison,,10.3,0
0.5,1,1,1,0.5,0.5,1,1,1,0.5,2,1,1,0.5,2,1,1,1,73,467,75,83,1.7,100,Swalot,317,73,83,55,poison,,80,0
2,0.5,1,2,2,2,0.5,1,0.5,2,1,0.5,1,1,0,1,0.5,0.5,90,305,225,20,0.8,45,Carvanha,318,65,20,65,water,dark,20.8,0
2,0.5,1,2,2,2,0.5,1,0.5,2,1,0.5,1,1,0,1,0.5,0.5,140,560,60,70,1.8,70,Sharpedo,319,110,65,105,water,dark,88.8,0
1,1,1,2,1,1,0.5,1,1,2,1,0.5,1,1,1,1,0.5,0.5,70,400,125,35,2,130,Wailmer,320,70,35,60,water,,130,0
1,1,1,2,1,1,0.5,1,1,2,1,0.5,1,1,1,1,0.5,0.5,90,500,60,45,14.5,170,Wailord,321,90,45,60,water,,398,0
0.5,1,1,0,0.5,1,0.5,1,1,1,2,1,1,0.5,1,1,0.5,4,60,305,255,40,0.7,60,Numel,322,65,45,35,fire,ground,24,0
0.5,1,1,0,0.5,1,0.5,1,1,1,2,1,1,0.5,1,1,0.5,4,120,560,150,100,1.9,70,Camerupt,323,145,105,20,fire,ground,220,0
0.5,1,1,1,0.5,1,0.5,1,1,0.5,2,0.5,1,1,1,2,0.5,2,85,470,90,140,0.5,70,Torkoal,324,85,70,20,fire,,80.4,0
2,2,1,1,1,0.5,1,1,2,1,1,1,1,1,0.5,1,1,1,25,330,255,35,0.7,60,Spoink,325,70,80,60,psychic,,30.6,0
2,2,1,1,1,0.5,1,1,2,1,1,1,1,1,0.5,1,1,1,45,470,60,65,0.9,80,Grumpig,326,90,110,80,psychic,,71.5,0
1,1,1,1,1,2,1,1,0,1,1,1,1,1,1,1,1,1,60,360,255,60,1.1,60,Spinda,327,60,60,60,normal,,5,0
1,1,1,0,1,1,1,1,1,2,1,2,1,0.5,1,0.5,1,2,100,290,255,45,0.7,45,Trapinch,328,45,45,10,ground,,15,0
1,1,2,0,2,1,0.5,1,1,1,1,4,1,0.5,1,0.5,1,1,70,340,120,50,1.1,50,Vibrava,329,50,50,70,ground,dragon,15.3,0
1,1,2,0,2,1,0.5,1,1,1,1,4,1,0.5,1,0.5,1,1,100,520,45,80,2,80,Flygon,330,80,80,100,ground,dragon,82,0
2,1,1,0.5,1,1,2,2,1,0.5,0.5,2,1,2,1,1,1,0.5,85,335,190,40,0.4,50,Cacnea,331,85,40,35,grass,,51.3,0
4,0.5,1,0.5,2,2,2,2,0.5,0.5,0.5,2,1,2,0,1,1,0.5,115,475,60,60,1.3,70,Cacturne,332,115,60,55,grass,dark,77.4,0
0.5,1,1,2,1,1,1,1,0,0.5,0,2,1,1,1,2,1,1,40,310,255,60,0.4,45,Swablu,333,40,75,50,normal,flying,1.2,0
0.5,1,2,1,2,0.5,0.5,1,1,0.25,0,4,1,1,1,2,1,0.5,110,590,45,110,1.1,75,Altaria,334,110,105,80,dragon,flying,20.6,0
1,1,1,1,1,2,1,1,0,1,1,1,1,1,1,1,1,1,115,458,90,60,1.3,73,Zangoose,335,60,60,90,normal,,40.3,0
0.5,1,1,1,0.5,0.5,1,1,1,0.5,2,1,1,0.5,2,1,1,1,100,458,90,60,2.7,73,Seviper,336,100,60,65,poison,,52.5,0
2,2,1,1,1,1,0.5,0.5,2,2,2,1,0.5,0.5,0.5,1,2,2,55,460,45,65,1,90,Lunatone,337,95,85,70,rock,psychic,168,0
2,2,1,1,1,1,0.5,0.5,2,2,2,1,0.5,0.5,0.5,1,2,2,95,460,45,85,1.2,90,Solrock,338,55,65,70,rock,psychic,154,0
1,1,1,0,1,1,0.5,1,1,4,1,1,1,0.5,1,0.5,0.5,1,48,288,190,43,0.4,50,Barboach,339,46,41,60,water,ground,1.9,0
1,1,1,0,1,1,0.5,1,1,4,1,1,1,0.5,1,0.5,0.5,1,78,468,75,73,0.9,110,Whiscash,340,76,71,60,water,ground,23.6,0
1,1,1,2,1,1,0.5,1,1,2,1,0.5,1,1,1,1,0.5,0.5,80,308,205,65,0.6,43,Corphish,341,50,35,35,water,,11.5,0
2,0.5,1,2,2,2,0.5,1,0.5,2,1,0.5,1,1,0,1,0.5,0.5,120,468,155,85,1.1,63,Crawdaunt,342,90,55,55,water,dark,32.8,0
2,2,1,0,1,0.5,1,1,2,2,1,2,1,0.5,0.5,0.5,1,2,40,300,255,55,0.5,40,Baltoy,343,40,70,55,ground,psychic,21.5,0
2,2,1,0,1,0.5,1,1,2,2,1,2,1,0.5,0.5,0.5,1,2,70,500,90,105,1.5,60,Claydol,344,70,120,75,ground,psychic,108,0
2,1,1,0.5,1,2,1,1,1,1,1,2,0.5,1,1,1,2,1,41,355,45,77,1,66,Lileep,345,61,87,23,rock,grass,23.8,0
2,1,1,0.5,1,2,1,1,1,1,1,2,0.5,1,1,1,2,1,81,495,45,97,1.5,86,Cradily,346,81,107,43,rock,grass,60.4,0
1,1,1,1,1,1,1,1,1,1,1,1,0.5,0.5,1,2,2,2,95,355,45,50,0.7,45,Anorith,347,40,50,75,rock,bug,12.5,0
1,1,1,1,1,1,1,1,1,1,1,1,0.5,0.5,1,2,2,2,125,495,45,100,1.5,75,Armaldo,348,70,80,45,rock,bug,68.2,0
1,1,1,2,1,1,0.5,1,1,2,1,0.5,1,1,1,1,0.5,0.5,15,200,255,20,0.6,20,Feebas,349,10,55,80,water,,7.4,0
1,1,1,2,1,1,0.5,1,1,2,1,0.5,1,1,1,1,0.5,0.5,60,540,60,79,6.2,95,Milotic,350,100,125,81,water,,162,0
1,1,1,1,1,2,1,1,0,1,1,1,1,1,1,1,1,1,70,420,45,70,0.3,70,Castform,351,70,70,70,normal,,0.8,0
1,1,1,1,1,2,1,1,0,1,1,1,1,1,1,1,1,1,90,440,200,70,1,60,Kecleon,352,60,120,40,normal,,22,0
0.5,2,1,1,1,0,1,1,2,1,1,1,0,0.5,1,1,1,1,75,295,225,35,0.6,44,Shuppet,353,63,33,45,ghost,,2.3,0
0.5,2,1,1,1,0,1,1,2,1,1,1,0,0.5,1,1,1,1,165,555,45,75,1.1,64,Banette,354,93,83,75,ghost,,12.5,0
0.5,2,1,1,1,0,1,1,2,1,1,1,0,0.5,1,1,1,1,40,295,190,90,0.8,20,Duskull,355,30,90,25,ghost,,15,0
0.5,2,1,1,1,0,1,1,2,1,1,1,0,0.5,1,1,1,1,70,455,90,130,1.6,40,Dusclops,356,60,130,25,ghost,,30.6,0
1,1,1,1,1,0.5,2,2,1,0.25,0,4,1,2,1,2,1,0.5,68,460,200,83,2,99,Tropius,357,72,87,51,grass,flying,100,0
2,2,1,1,1,0.5,1,1,2,1,1,1,1,1,0.5,1,1,1,50,455,45,80,0.6,75,Chimecho,358,95,90,65,psychic,,1,0
2,0.5,1,1,2,2,1,1,0.5,1,1,1,1,1,0,1,1,1,150,565,30,60,1.2,65,Absol,359,115,60,115,dark,,47,0
2,2,1,1,1,0.5,1,1,2,1,1,1,1,1,0.5,1,1,1,23,260,125,48,0.6,95,Wynaut,360,23,48,23,psychic,,14,0
1,1,1,1,1,2,2,1,1,1,1,0.5,1,1,1,2,2,1,50,300,190,50,0.7,50,Snorunt,361,50,50,50,ice,,16.8,0
1,1,1,1,1,2,2,1,1,1,1,0.5,1,1,1,2,2,1,120,580,75,80,1.5,80,Glalie,362,120,80,100,ice,,256.5,0
1,1,1,2,1,2,1,1,1,2,1,0.25,1,1,1,2,1,0.5,40,290,255,50,0.8,70,Spheal,363,55,50,25,ice,water,39.5,0
1,1,1,2,1,2,1,1,1,2,1,0.25,1,1,1,2,1,0.5,60,410,120,70,1.1,90,Sealeo,364,75,70,45,ice,water,87.6,0
1,1,1,2,1,2,1,1,1,2,1,0.25,1,1,1,2,1,0.5,80,530,45,90,1.4,110,Walrein,365,95,90,65,ice,water,150.6,0
1,1,1,2,1,1,0.5,1,1,2,1,0.5,1,1,1,1,0.5,0.5,64,345,255,85,0.4,35,Clamperl,366,74,55,32,water,,52.5,0
1,1,1,2,1,1,0.5,1,1,2,1,0.5,1,1,1,1,0.5,0.5,104,485,60,105,1.7,55,Huntail,367,94,75,52,water,,27,0
1,1,1,2,1,1,0.5,1,1,2,1,0.5,1,1,1,1,0.5,0.5,84,485,60,105,1.8,55,Gorebyss,368,114,75,52,water,,22.6,0
1,1,1,2,1,2,0.25,0.5,1,4,2,0.5,0.5,0.5,1,1,1,1,90,485,25,130,1,100,Relicanth,369,45,65,55,water,rock,23.4,0
1,1,1,2,1,1,0.5,1,1,2,1,0.5,1,1,1,1,0.5,0.5,30,330,225,55,0.6,43,Luvdisc,370,40,65,97,water,,8.7,0
1,1,2,0.5,2,1,0.5,1,1,0.5,1,2,1,1,1,1,1,0.5,75,300,45,60,0.6,45,Bagon,371,40,30,50,dragon,,42.1,0
1,1,2,0.5,2,1,0.5,1,1,0.5,1,2,1,1,1,1,1,0.5,95,420,45,100,1.1,65,Shelgon,372,60,50,50,dragon,,110.5,0
0.5,1,2,1,2,0.5,0.5,1,1,0.25,0,4,1,1,1,2,1,0.5,145,700,45,130,1.5,95,Salamence,373,120,90,120,dragon,flying,102.6,0
1,2,0.5,1,0.5,1,2,0.5,2,0.5,2,0.5,0.5,0,0.25,0.5,0.5,1,55,300,3,80,0.6,40,Beldum,374,35,60,30,steel,psychic,95.2,0
1,2,0.5,1,0.5,1,2,0.5,2,0.5,2,0.5,0.5,0,0.25,0.5,0.5,1,75,420,3,100,1.2,60,Metang,375,55,80,50,steel,psychic,202.5,0
1,2,0.5,1,0.5,1,2,0.5,2,0.5,2,0.5,0.5,0,0.25,0.5,0.5,1,145,700,3,150,1.6,80,Metagross,376,105,110,110,steel,psychic,550,0
1,1,1,1,1,2,0.5,0.5,1,2,2,1,0.5,0.5,1,1,2,2,100,580,3,200,1.7,80,Regirock,377,50,100,50,rock,,230,1
1,1,1,1,1,2,2,1,1,1,1,0.5,1,1,1,2,2,1,50,580,3,100,1.8,80,Regice,378,100,200,50,ice,,175,1
0.5,1,0.5,1,0.5,2,2,0.5,1,0.5,2,0.5,0.5,0,0.5,0.5,0.5,1,75,580,3,150,1.9,80,Registeel,379,75,150,50,steel,,205,1
2,2,2,0.5,2,0.5,0.5,1,2,0.5,1,2,1,1,0.5,1,1,0.5,100,700,3,120,1.4,80,Latias,380,140,150,110,dragon,psychic,40,1
2,2,2,0.5,2,0.5,0.5,1,2,0.5,1,2,1,1,0.5,1,1,0.5,130,700,3,100,2,80,Latios,381,160,120,110,dragon,psychic,60,1
1,1,1,2,1,1,0.5,1,1,2,1,0.5,1,1,1,1,0.5,0.5,150,770,3,90,4.5,100,Kyogre,382,180,160,90,water,,352,1
1,1,1,0,1,1,1,1,1,2,1,2,1,0.5,1,0.5,1,2,180,770,3,160,3.5,100,Groudon,383,150,90,90,ground,,950,1
0.5,1,2,1,2,0.5,0.5,1,1,0.25,0,4,1,1,1,2,1,0.5,180,780,45,100,7,105,Rayquaza,384,180,100,115,dragon,flying,206.5,1
1,2,0.5,1,0.5,1,2,0.5,2,0.5,2,0.5,0.5,0,0.25,0.5,0.5,1,100,600,3,100,0.3,100,Jirachi,385,100,100,100,steel,psychic,1.1,1
2,2,1,1,1,0.5,1,1,2,1,1,1,1,1,0.5,1,1,1,95,600,3,90,1.7,50,Deoxys,386,95,90,180,psychic,,60.8,1
2,1,1,0.5,1,1,2,2,1,0.5,0.5,2,1,2,1,1,1,0.5,68,318,45,64,0.4,55,Turtwig,387,45,55,31,grass,,10.2,0
2,1,1,0.5,1,1,2,2,1,0.5,0.5,2,1,2,1,1,1,0.5,89,405,45,85,1.1,75,Grotle,388,55,65,36,grass,,97,0
2,1,1,0,1,1,2,2,1,1,0.5,4,1,1,1,0.5,1,1,109,525,45,105,2.2,95,Torterra,389,75,85,56,grass,ground,310,0
0.5,1,1,1,0.5,1,0.5,1,1,0.5,2,0.5,1,1,1,2,0.5,2,58,309,45,44,0.5,44,Chimchar,390,58,44,61,fire,,6.2,0
0.25,0.5,1,1,1,1,0.5,2,1,0.5,2,0.5,1,1,2,1,0.5,2,78,405,45,52,0.9,64,Monferno,391,78,52,81,fire,fighting,22,0
0.25,0.5,1,1,1,1,0.5,2,1,0.5,2,0.5,1,1,2,1,0.5,2,104,534,45,71,1.2,76,Infernape,392,104,71,108,fire,fighting,55,0
1,1,1,2,1,1,0.5,1,1,2,1,0.5,1,1,1,1,0.5,0.5,51,314,45,53,0.4,53,Piplup,393,61,56,40,water,,5.2,0
1,1,1,2,1,1,0.5,1,1,2,1,0.5,1,1,1,1,0.5,0.5,66,405,45,68,0.8,64,Prinplup,394,81,76,50,water,,23,0
0.5,1,0.5,2,0.5,2,1,0.5,1,1,2,0.25,0.5,0,0.5,0.5,0.25,0.5,86,530,45,88,1.7,84,Empoleon,395,111,101,60,water,steel,84.5,0
0.5,1,1,2,1,1,1,1,0,0.5,0,2,1,1,1,2,1,1,55,245,255,30,0.3,40,Starly,396,30,30,60,normal,flying,2,0
0.5,1,1,2,1,1,1,1,0,0.5,0,2,1,1,1,2,1,1,75,340,120,50,0.6,55,Staravia,397,40,40,80,normal,flying,15.5,0
0.5,1,1,2,1,1,1,1,0,0.5,0,2,1,1,1,2,1,1,120,485,45,70,1.2,85,Staraptor,398,50,60,100,normal,flying,24.9,0
1,1,1,1,1,2,1,1,0,1,1,1,1,1,1,1,1,1,45,250,255,40,0.5,59,Bidoof,399,35,40,31,normal,,20,0
1,1,1,2,1,2,0.5,1,0,2,1,0.5,1,1,1,1,0.5,0.5,85,410,127,60,1,79,Bibarel,400,55,60,71,normal,water,31.5,0
1,1,1,1,1,0.5,2,2,1,0.5,0.5,1,1,1,1,2,1,1,25,194,255,41,0.3,37,Kricketot,401,25,41,25,bug,,2.2,0
1,1,1,1,1,0.5,2,2,1,0.5,0.5,1,1,1,1,2,1,1,85,384,45,51,1,77,Kricketune,402,55,51,65,bug,,25.5,0
1,1,1,0.5,1,1,1,0.5,1,1,2,1,1,1,1,1,0.5,1,65,263,235,34,0.5,45,Shinx,403,40,34,45,electric,,9.5,0
1,1,1,0.5,1,1,1,0.5,1,1,2,1,1,1,1,1,0.5,1,85,363,120,49,0.9,60,Luxio,404,60,49,60,electric,,30.5,0
1,1,1,0.5,1,1,1,0.5,1,1,2,1,1,1,1,1,0.5,1,120,523,45,79,1.4,80,Luxray,405,95,79,70,electric,,42,0
1,1,1,0.5,0.5,0.5,2,2,1,0.25,1,2,1,1,2,1,1,0.5,30,280,255,35,0.2,40,Budew,406,50,70,55,grass,poison,1.2,0
1,1,1,0.5,0.5,0.5,2,2,1,0.25,1,2,1,1,2,1,1,0.5,70,515,75,65,0.9,60,Roserade,407,125,105,90,grass,poison,14.5,0
1,1,1,1,1,2,0.5,0.5,1,2,2,1,0.5,0.5,1,1,2,2,125,350,45,40,0.9,67,Cranidos,408,30,30,58,rock,,31.5,0
1,1,1,1,1,2,0.5,0.5,1,2,2,1,0.5,0.5,1,1,2,2,165,495,45,60,1.6,97,Rampardos,409,65,50,58,rock,,102.5,0
0.5,1,0.5,1,0.5,4,1,0.25,1,1,4,0.5,0.25,0,0.5,0.5,1,2,42,350,45,118,0.5,30,Shieldon,410,42,88,30,rock,steel,57,0
0.5,1,0.5,1,0.5,4,1,0.25,1,1,4,0.5,0.25,0,0.5,0.5,1,2,52,495,45,168,1.3,60,Bastiodon,411,47,138,30,rock,steel,149.5,0
1,1,1,1,1,0.5,2,2,1,0.5,0.5,1,1,1,1,2,1,1,29,224,120,45,0.2,40,Burmy,412,29,45,36,bug,,3.4,0
2,1,1,0.5,1,0.5,4,4,1,0.25,0.25,2,1,2,1,2,1,0.5,69,424,45,95,0.5,60,Wormadam,413,69,95,36,bug,grass,6.5,0
0.5,1,1,2,1,0.25,2,2,1,0.25,0,2,1,1,1,4,1,1,94,424,45,50,0.9,70,Mothim,414,94,50,66,bug,flying,23.3,0
0.5,1,1,2,1,0.25,2,2,1,0.25,0,2,1,1,1,4,1,1,30,244,120,42,0.3,30,Combee,415,30,42,70,bug,flying,5.5,0
0.5,1,1,2,1,0.25,2,2,1,0.25,0,2,1,1,1,4,1,1,80,474,45,102,1.2,70,Vespiquen,416,80,102,40,bug,flying,38.5,0
1,1,1,0.5,1,1,1,0.5,1,1,2,1,1,1,1,1,0.5,1,45,405,200,70,0.4,60,Pachirisu,417,45,90,95,electric,,3.9,0
1,1,1,2,1,1,0.5,1,1,2,1,0.5,1,1,1,1,0.5,0.5,65,330,190,35,0.7,55,Buizel,418,60,30,85,water,,29.5,0
1,1,1,2,1,1,0.5,1,1,2,1,0.5,1,1,1,1,0.5,0.5,105,495,75,55,1.1,85,Floatzel,419,85,50,115,water,,33.5,0
2,1,1,0.5,1,1,2,2,1,0.5,0.5,2,1,2,1,1,1,0.5,35,275,190,45,0.4,45,Cherubi,420,62,53,35,grass,,3.3,0
2,1,1,0.5,1,1,2,2,1,0.5,0.5,2,1,2,1,1,1,0.5,60,450,75,70,0.5,70,Cherrim,421,87,78,85,grass,,9.3,0
1,1,1,2,1,1,0.5,1,1,2,1,0.5,1,1,1,1,0.5,0.5,48,325,190,48,0.3,76,Shellos,422,57,62,34,water,,6.3,0
1,1,1,0,1,1,0.5,1,1,4,1,1,1,0.5,1,0.5,0.5,1,83,475,75,68,0.9,111,Gastrodon,423,92,82,39,water,ground,29.9,0
1,1,1,1,1,2,1,1,0,1,1,1,1,1,1,1,1,1,100,482,45,66,1.2,75,Ambipom,424,60,66,115,normal,,20.3,0
0.25,2,1,2,1,0,1,1,2,0.5,0,2,0,0.5,1,2,1,1,50,348,125,34,0.4,90,Drifloon,425,60,44,70,ghost,flying,1.2,0
0.25,2,1,2,1,0,1,1,2,0.5,0,2,0,0.5,1,2,1,1,80,498,60,44,1.2,150,Drifblim,426,90,54,80,ghost,flying,15,0
1,1,1,1,1,2,1,1,0,1,1,1,1,1,1,1,1,1,66,350,190,44,0.4,55,Buneary,427,44,56,85,normal,,5.5,0
1,1,1,1,1,2,1,1,0,1,1,1,1,1,1,1,1,1,136,580,60,94,1.2,65,Lopunny,428,54,96,135,normal,,33.3,0
0.5,2,1,1,1,0,1,1,2,1,1,1,0,0.5,1,1,1,1,60,495,45,60,0.9,60,Mismagius,429,105,105,105,ghost,,4.4,0
1,0.5,1,2,2,1,1,1,0.5,0.5,0,2,1,1,0,2,1,1,125,505,30,52,0.9,100,Honchkrow,430,105,52,71,dark,flying,27.3,0
1,1,1,1,1,2,1,1,0,1,1,1,1,1,1,1,1,1,55,310,190,42,0.5,49,Glameow,431,42,37,85,normal,,3.9,0
1,1,1,1,1,2,1,1,0,1,1,1,1,1,1,1,1,1,82,452,75,64,1,71,Purugly,432,64,59,112,normal,,43.8,0
2,2,1,1,1,0.5,1,1,2,1,1,1,1,1,0.5,1,1,1,30,285,120,50,0.2,45,Chingling,433,65,50,45,psychic,,0.6,0
1,0.5,1,1,1,1,1,1,0.5,0.5,2,1,1,0.5,0,1,1,1,63,329,225,47,0.4,63,Stunky,434,41,41,74,poison,dark,19.2,0
1,0.5,1,1,1,1,1,1,0.5,0.5,2,1,1,0.5,0,1,1,1,93,479,60,67,1,103,Skuntank,435,71,61,84,poison,dark,38,0
1,2,0.5,1,0.5,1,2,0.5,2,0.5,2,0.5,0.5,0,0.25,0.5,0.5,1,24,300,255,86,0.5,57,Bronzor,436,24,86,23,steel,psychic,60.5,0
1,2,0.5,1,0.5,1,2,0.5,2,0.5,2,0.5,0.5,0,0.25,0.5,0.5,1,89,500,90,116,1.3,67,Bronzong,437,79,116,33,steel,psychic,187,0
1,1,1,1,1,2,0.5,0.5,1,2,2,1,0.5,0.5,1,1,2,2,80,290,255,95,0.5,50,Bonsly,438,10,45,10,rock,,15,0
1,1,0,1,1,0.25,1,1,2,1,1,1,1,2,0.5,1,2,1,25,310,145,45,0.6,20,Mime Jr.,439,70,90,60,psychic,fairy,13,0
1,1,1,1,1,2,1,1,0,1,1,1,1,1,1,1,1,1,5,220,130,5,0.6,100,Happiny,440,15,65,30,normal,,24.4,0
0.5,1,1,2,1,1,1,1,0,0.5,0,2,1,1,1,2,1,1,65,411,30,45,0.5,76,Chatot,441,92,42,91,normal,flying,1.9,0
1,1,1,1,2,0,1,1,1,1,1,1,0,0.5,0,1,1,1,92,485,100,108,1,50,Spiritomb,442,92,108,35,ghost,dark,108,0
1,1,2,0,2,1,0.5,1,1,1,1,4,1,0.5,1,0.5,1,1,70,300,45,45,0.7,58,Gible,443,40,45,42,dragon,ground,20.5,0
1,1,2,0,2,1,0.5,1,1,1,1,4,1,0.5,1,0.5,1,1,90,410,45,65,1.4,68,Gabite,444,50,55,82,dragon,ground,56,0
1,1,2,0,2,1,0.5,1,1,1,1,4,1,0.5,1,0.5,1,1,170,700,45,115,1.9,108,Garchomp,445,120,95,92,dragon,ground,95,0
1,1,1,1,1,2,1,1,0,1,1,1,1,1,1,1,1,1,85,390,50,40,0.6,135,Munchlax,446,40,85,5,normal,,105,0
0.5,0.5,1,1,2,1,1,2,1,1,1,1,1,1,2,0.5,1,1,70,285,75,40,0.7,40,Riolu,447,35,40,60,fighting,,20.2,0
0.25,0.5,0.5,1,1,2,2,1,1,0.5,2,0.5,0.5,0,1,0.25,0.5,1,145,625,45,88,1.2,70,Lucario,448,140,70,112,fighting,steel,54,0
1,1,1,0,1,1,1,1,1,2,1,2,1,0.5,1,0.5,1,2,72,330,140,78,0.8,68,Hippopotas,449,38,42,32,ground,,49.5,0
1,1,1,0,1,1,1,1,1,2,1,2,1,0.5,1,0.5,1,2,112,525,60,118,2,108,Hippowdon,450,68,72,47,ground,,300,0
0.5,1,1,1,0.5,0.25,2,2,1,0.25,1,1,1,0.5,2,2,1,1,50,330,120,90,0.8,40,Skorupi,451,30,55,65,poison,bug,12,0
1,0.5,1,1,1,1,1,1,0.5,0.5,2,1,1,0.5,0,1,1,1,90,500,45,110,1.3,70,Drapion,452,60,75,95,poison,dark,61.5,0
0.25,0.5,1,1,1,0.5,1,2,1,0.5,2,1,1,0.5,4,0.5,1,1,61,300,140,40,0.7,48,Croagunk,453,61,40,50,poison,fighting,23,0
0.25,0.5,1,1,1,0.5,1,2,1,0.5,2,1,1,0.5,4,0.5,1,1,106,490,75,65,1.3,83,Toxicroak,454,86,65,85,poison,fighting,44.4,0
2,1,1,0.5,1,1,2,2,1,0.5,0.5,2,1,2,1,1,1,0.5,100,454,200,72,1.4,74,Carnivine,455,90,72,46,grass,,27,0
1,1,1,2,1,1,0.5,1,1,2,1,0.5,1,1,1,1,0.5,0.5,49,330,190,56,0.4,49,Finneon,456,49,61,66,water,,7,0
1,1,1,2,1,1,0.5,1,1,2,1,0.5,1,1,1,1,0.5,0.5,69,460,75,76,1.2,69,Lumineon,457,69,86,91,water,,24,0
0.5,1,1,4,1,0.5,0.5,1,1,1,0,1,1,1,1,2,0.5,0.5,20,345,25,50,1,45,Mantyke,458,60,120,50,water,flying,65,0
2,1,1,0.5,1,2,4,2,1,0.5,0.5,1,1,2,1,2,2,0.5,62,334,120,50,1,60,Snover,459,62,60,40,grass,ice,50.5,0
2,1,1,0.5,1,2,4,2,1,0.5,0.5,1,1,2,1,2,2,0.5,132,594,60,105,2.2,90,Abomasnow,460,132,105,30,grass,ice,135.5,0
2,0.5,1,1,2,4,2,1,0.5,1,1,0.5,1,1,0,2,2,1,120,510,45,65,1.1,70,Weavile,461,45,85,125,dark,ice,34,0
0.5,1,0.5,0.5,0.5,2,2,0.25,1,0.5,4,0.5,0.5,0,0.5,0.5,0.25,1,70,535,30,115,1.2,70,Magnezone,462,130,90,60,electric,steel,180,0
1,1,1,1,1,2,1,1,0,1,1,1,1,1,1,1,1,1,85,515,30,95,1.7,110,Lickilicky,463,80,95,50,normal,,140,0
1,1,1,0,1,2,0.5,0.5,1,4,2,2,0.5,0.25,1,0.5,2,4,140,535,30,130,2.4,115,Rhyperior,464,55,55,40,ground,rock,282.8,0
2,1,1,0.5,1,1,2,2,1,0.5,0.5,2,1,2,1,1,1,0.5,100,535,30,125,2,100,Tangrowth,465,110,50,50,grass,,128.6,0
1,1,1,0.5,1,1,1,0.5,1,1,2,1,1,1,1,1,0.5,1,123,540,30,67,1.8,75,Electivire,466,95,85,95,electric,,138.6,0
0.5,1,1,1,0.5,1,0.5,1,1,0.5,2,0.5,1,1,1,2,0.5,2,95,540,30,67,1.6,75,Magmortar,467,125,95,83,fire,,68,0
0.25,0.5,0,2,1,0.25,1,1,1,0.5,0,2,1,2,1,2,2,1,50,545,30,95,1.5,85,Togekiss,468,120,115,80,fairy,flying,38,0
0.5,1,1,2,1,0.25,2,2,1,0.25,0,2,1,1,1,4,1,1,76,515,30,86,1.9,86,Yanmega,469,116,56,95,bug,flying,51.5,0
2,1,1,0.5,1,1,2,2,1,0.5,0.5,2,1,2,1,1,1,0.5,110,525,45,130,1,65,Leafeon,470,60,65,95,grass,,25.5,0
1,1,1,1,1,2,2,1,1,1,1,0.5,1,1,1,2,2,1,60,525,45,110,0.8,65,Glaceon,471,130,95,65,ice,,25.9,0
0.5,1,1,0,1,0.5,1,1,1,1,0,4,1,0.5,1,1,1,2,95,510,30,125,2,75,Gliscor,472,45,75,95,ground,flying,42.5,0
1,1,1,0,1,2,2,1,1,2,1,1,1,0.5,1,1,2,2,130,530,50,80,2.5,110,Mamoswine,473,70,60,80,ice,ground,291,0
1,1,1,1,1,2,1,1,0,1,1,1,1,1,1,1,1,1,80,535,30,70,0.9,85,Porygon-Z,474,135,75,90,normal,,34,0
1,1,1,1,2,0.5,1,2,2,1,1,1,1,1,1,0.5,1,1,165,618,45,95,1.6,68,Gallade,475,65,115,110,psychic,fighting,52,0
0.5,1,0.5,1,0.5,4,1,0.25,1,1,4,0.5,0.25,0,0.5,0.5,1,2,55,525,60,145,1.4,60,Probopass,476,75,150,40,rock,steel,340,0
0.5,2,1,1,1,0,1,1,2,1,1,1,0,0.5,1,1,1,1,100,525,45,135,2.2,45,Dusknoir,477,65,135,45,ghost,,106.6,0
0.5,2,1,1,1,0,2,1,2,1,1,0.5,0,0.5,1,2,2,1,80,480,75,70,1.3,70,Froslass,478,80,70,110,ice,ghost,26.6,0
0.5,2,1,0.5,1,0,1,0.5,2,1,2,1,0,0.5,1,1,0.5,1,65,520,45,107,0.3,50,Rotom,479,105,107,86,electric,ghost,0.3,0
2,2,1,1,1,0.5,1,1,2,1,1,1,1,1,0.5,1,1,1,75,580,3,130,0.3,75,Uxie,480,75,130,95,psychic,,0.3,1
2,2,1,1,1,0.5,1,1,2,1,1,1,1,1,0.5,1,1,1,105,580,3,105,0.3,80,Mesprit,481,105,105,80,psychic,,0.3,1
2,2,1,1,1,0.5,1,1,2,1,1,1,1,1,0.5,1,1,1,125,580,3,70,0.3,75,Azelf,482,125,70,115,psychic,,0.3,1
0.5,1,1,0.5,1,2,1,0.5,1,0.25,2,1,0.5,0,0.5,0.5,0.5,0.5,120,680,3,120,5.4,100,Dialga,483,150,100,90,steel,dragon,683,1
1,1,2,1,2,1,0.25,1,1,1,1,1,1,1,1,1,0.5,0.25,120,680,3,100,4.2,90,Palkia,484,150,120,100,water,dragon,336,1
0.25,1,0.5,1,0.25,2,1,0.5,1,0.25,4,0.25,0.5,0,0.5,1,0.25,2,90,600,3,106,1.7,91,Heatran,485,130,106,77,fire,steel,430,1
1,1,1,1,1,2,1,1,0,1,1,1,1,1,1,1,1,1,160,670,3,110,3.7,110,Regigigas,486,80,110,100,normal,,420,1
0.5,2,2,0.5,2,0,0.5,1,2,0.5,1,2,0,0.5,1,1,1,0.5,120,680,3,100,4.5,150,Giratina,487,120,100,90,ghost,dragon,750,1
2,2,1,1,1,0.5,1,1,2,1,1,1,1,1,0.5,1,1,1,70,600,3,120,1.5,120,Cresselia,488,75,130,85,psychic,,85.6,1
1,1,1,2,1,1,0.5,1,1,2,1,0.5,1,1,1,1,0.5,0.5,80,480,30,80,0.4,80,Phione,489,80,80,80,water,,3.1,0
1,1,1,2,1,1,0.5,1,1,2,1,0.5,1,1,1,1,0.5,0.5,100,600,3,100,0.3,100,Manaphy,490,100,100,100,water,,1.4,1
2,0.5,1,1,2,2,1,1,0.5,1,1,1,1,1,0,1,1,1,90,600,3,90,1.5,70,Darkrai,491,135,90,125,dark,,50.5,1
2,1,1,0.5,1,1,2,2,1,0.5,0.5,2,1,2,1,1,1,0.5,103,600,45,75,0.2,100,Shaymin,492,120,75,127,grass,,2.1,1
1,1,1,1,1,2,1,1,0,1,1,1,1,1,1,1,1,1,120,720,3,120,3.2,120,Arceus,493,120,120,120,normal,,320,1